Kirsch T,Xu J,1
Kirsch T,Wang W,1
Paiker JE,Psaras G,1
Paiker JE,Penny CB,1
Higashi S,Yanagisawa T,1
Higashi S,Tadokoro K,1
Higashi S,Sasaki T,1
Chao TK,Liu KC,1
Chao TK,Weng SJ,1
Chao TK,Liao YP,1
Chao TK,Lin CK,1
Chao TK,Lai HC,1
Chao TK,Yo YT,1
Chao TK,Yu MH,1
Chao TK,Huang TS,1
Chao TK,Ma KH,1
Chao TK,Wang YC,1
Chao TK,Huang RL,1
Bulavka AV,Tushevsky VF,1
Bulavka AV,Zinchuk VS,1
Horwich AL,Li F,1
Horwich AL,Wang J,1
Rapoport SI,Shinowara NL,1
Jackson EK,Verrier JD,1
Jackson EK,Kochanek PM,1
Jackson EK,Janesko-Feldman K,1
Calahorro F,Ruiz-Rubio M,1
Da Silva RS,Fin CA,1
Da Silva RS,Thomé JW,1
Da Silva RS,da Graça Fauth M,1
Da Silva RS,de Paula Cognato G,1
Da Silva RS,Dutra Dias R,1
Ocón B,Ortega-González M,1
Ocón B,Zarzuelo A,1
Ocón B,Suárez MD,1
Ocón B,Sánchez de Medina F,1
Bridle H,Jesorka A,1
Bridle H,Xu S,1
Bridle H,Weber SG,1
Bridle H,Isaksson I,1
Bridle H,Jeffries GD,1
Bridle H,Orwar O,1
Bridle H,Olofsson J,1
Addison WN,Sørensen ES,1
Addison WN,Nakano Y,1
Addison WN,McKee MD,1
Addison WN,Azari F,1
Addison WN,Kaartinen MT,2
Crawford K,Weissig H,1
Crawford K,Millán JL,1
Crawford K,Goetinck PF,1
Barbier J,Kraimps JL,1
Barbier J,Saunier B,1
Barbier J,Millet C,1
Barbier J,Metaye T,1
Barbier J,Begon F,1
Silamut K,White NJ,1
Farr GW,Furtak K,1
Farr GW,Li F,1
Farr GW,Hall DH,1
Farr GW,Horwich AL,1
Farr GW,Wang J,1
Huang TS,Weng SJ,1
Huang TS,Ma KH,1
Huang TS,Liao YP,1
Huang TS,Lin CK,1
Huang TS,Liu KC,1
Huang TS,Yu MH,1
Huang TS,Lai HC,1
Huang TS,Yo YT,1
Huang TS,Wang YC,1
Nowak LG,Rosay B,1
Kedryna T,Marchut E,1
Anzola A,Ortega-González M,1
Anzola A,Ocón B,1
Anzola A,Martínez-Moya P,1
Anzola A,Suárez MD,1
Anzola A,López-Posadas R,1
Anzola A,Zarzuelo A,1
Anzola A,Martínez-Augustin O,1
Anzola A,Hernández-Chirlaque C,1
Anzola A,Sánchez de Medina F,1
Anzola A,González R,1
Thouverey C,Zhang L,1
Hahnel A,McDougall K,1
Hahnel A,King WA,1
Hahnel A,Plumb C,1
Hakeda Y,Nakatani Y,1
Hakeda Y,Ikeda E,1
Hakeda Y,Hiramatsu M,1
Hakeda Y,Tsunoi M,1
Hakeda Y,Kumegawa M,1
Hakeda Y,Kurihara N,1
Shimizu T,Takeguchi N,1
Berger BJ,Looareesuwan S,1
Berger BJ,Robbins SM,1
Berger BJ,Lee KM,1
Berger BJ,Liu N,1
Berger BJ,Flatt CL,1
Berger BJ,Ho M,1
Berger BJ,Hoang HL,1
Berger BJ,Montes L,1
Berger BJ,Yipp BG,1
Berger BJ,MacRae T,1
Gola M,Merten M,1
Gola M,Hollande E,1
Wang DY,Wang Y,1
Huang RL,Weng SJ,1
Huang RL,Ma KH,1
Huang RL,Liao YP,1
Huang RL,Lin CK,1
Huang RL,Liu KC,1
Huang RL,Yu MH,1
Huang RL,Huang TS,1
Huang RL,Lai HC,1
Huang RL,Yo YT,1
Huang RL,Wang YC,1
Azevedo I,Martel F,2
Azevedo I,Calhau C,2
Azevedo I,Pinheiro H,1
Azevedo I,Hipólito-Reis C,2
Azevedo I,Soares-da-Silva P,2
Azevedo I,Pinheiro-Silva S,1
Hollande E,Merten M,1
Suárez MD,Zarzuelo A,2
Suárez MD,Sánchez de Medina F,2
Gill JH,Rickards RW,1
Gill JH,O'Shea MG,1
Gill JH,Lacey E,1
Gill JH,Power ML,1
Gill JH,Rothschild JM,1
Robbins SM,Yipp BG,2
Pittock JW 3rd,Shaw LM,1
Pittock JW 3rd,Pogach R,1
Bachelet M,Ulmann A,1
Bachelet M,Lacour B,1
Jono S,Shioi A,1
Jono S,Nishizawa Y,1
Jono S,Koyama H,1
Jono S,Morii H,1
Olofsson J,Orwar O,1
Olofsson J,Xu S,1
Olofsson J,Weber SG,1
Freudenthaler A,Hölzenbein T,1
Freudenthaler A,Wagner L,1
Freudenthaler A,Waldhäusl W,1
Collopy-Junior I,Kneipp LF,1
Collopy-Junior I,da Silva FC,1
Collopy-Junior I,Rodrigues ML,1
Collopy-Junior I,Meyer-Fernandes JR,1
Mecham RP,Seyama Y,1
Mecham RP,Sugitani H,1
Mecham RP,Wachi H,1
Nogueira-Machado JA,Steinberg Perilo C,1
Anersin H,Hoyer PE,1
Lemaire C,Souvannavong V,1
Engel AM,Friis T,2
Engel AM,Hansen AB,1
Engel AM,Larsen LS,1
Engel AM,Houen G,2
Tiozzo R,Vermeer C,1
Tiozzo R,Trenti T,1
Miller LJ,Ye L,1
Miller LJ,Yamazaki J,1
Martel F,Pinheiro H,1
Martel F,Soares-da-Silva P,2
Martel F,Pinheiro-Silva S,1
Hui MZ,Tenenbaum HC,1
Hui MZ,McCulloch CA,1
Annovi G,Vermeer C,1
Annovi G,Trenti T,1
Annovi G,Schurgers LJ,1
Annovi G,Guerra D,1
Annovi G,Tiozzo R,1
Annovi G,Boraldi F,1
Annovi G,Quaglino D,1
Gondim KC,Meyer-Fernandes JR,1
Gondim KC,Paes LS,1
Gondim KC,Silveira TS,1
Chibber R,Ling A,1
Martins Chaves M,Nogueira-Machado JA,1
Martins Chaves M,Steinberg Perilo C,1
Efferth T,Volm M,2
Orimo H,Shimada T,1
Hansen AB,Houen G,1
Sakai H,Shimizu T,1
Sakai H,Takeguchi N,1
Nakatani Y,Tsunoi M,1
Kim HJ,Kirsch T,1
Lee EH,Lee SH,1
Lee EH,Yoo BH,1
Lee EH,Lee YS,1
Frost RA,Gao X,1
Masuda H,Silva-Neto MA,1
Masuda H,Nakamura A,1
Crowther NJ,Paiker JE,1
Crowther NJ,Ikram F,1
Crowther NJ,Psaras G,1
Crowther NJ,Penny CB,1
Do T,Sun Q,1
Do T,Kuzhikandathil EV,1
Liu JT,Yu CW,1
Lalégerie P,Sarrouilhe D,2
Lalégerie P,Rivet G,1
Lalégerie P,Métayé T,1
Bass DA,McCall CE,1
Bass DA,DeChatelet LR,1
Bass DA,Shirley PS,1
Binette F,Crawford K,1
Binette F,Weissig H,1
Binette F,Millán JL,1
Binette F,Goetinck PF,1
Deanfield J,Rees L,1
Deanfield J,Figg N,1
Deanfield J,Schurgers LJ,1
Deanfield J,Skepper JN,1
Deanfield J,Shroff RC,1
Deanfield J,Shanahan CM,1
Deanfield J,McNair R,1
Chang L,Marquès S,1
Chang L,Wu Y,1
Chang L,Liger F,1
Chang L,Magne D,1
Chang L,Lemaire M,2
Chang L,Li L,1
Chang L,Debray J,1
Chang L,Popowycz F,1
Chang L,Le Duy D,1
Chang L,Pellet-Rostaing S,2
Chang L,Mebarek S,1
Menezes de Oliveira E,Oliveira Battastini AM,1
Lodi G,Savardi L,1
Hu S,Steven RM,1
Hu S,Pawson T,1
Delplace S,Lencel P,1
Delplace S,Magne D,1
Delplace S,Hardouin P,1
Kuehl H,Scheibe RJ,1
Kuehl H,Meissner JD,1
Kuehl H,Mueller WH,1
Thomé JW,da Graça Fauth M,1
Thomé JW,de Paula Cognato G,1
LeBel D,Phaneuf S,1
LeBel D,Poirier GG,1
LeBel D,St-Jean P,1
Menezes Moreira C,Oliveira Battastini AM,1
Menezes Moreira C,Menezes de Oliveira E,1
Ikeda E,Tsunoi M,1
Ikeda E,Kumegawa M,1
Ikeda E,Nakatani Y,1
Ikeda E,Kurihara N,1
Laliberté JF,Phaneuf S,1
Laliberté JF,LeBel D,1
Laliberté JF,St-Jean P,1
Laliberté JF,Poirier GG,1
Bagga A,Moudgil A,1
Bagga A,Jordan SC,1
MacRae T,Robbins SM,1
MacRae T,Montes L,1
MacRae T,Yipp BG,1
Mettey Y,Vierfond JM,1
Boskey AL,Mayer-Kuckuk P,2
Boskey AL,Doty SB,1
Boskey AL,Gade TP,1
Boskey AL,Kudryashov V,1
Boskey AL,Roy R,1
Boskey AL,Koutcher JA,1
Boskey AL,Motley MW,1
Brightwell R,Schnieden H,1
Brightwell R,Kavanagh JP,1
Beaudoin AR,Laliberté JF,1
Beaudoin AR,Phaneuf S,1
Beaudoin AR,LeBel D,1
Beaudoin AR,St-Jean P,1
Beaudoin AR,Poirier GG,1
De Broe ME,Van Belle H,1
De Broe ME,Wieme RJ,1
McNair R,Shroff RC,1
McNair R,Rees L,1
McNair R,Shanahan CM,1
McNair R,Schurgers LJ,1
McNair R,Skepper JN,1
De Carli GA,Tasca T,2
De Carli GA,da Graça Fauth M,1
De Carli GA,Dias RD,1
De Carli GA,de Aguiar Matos JA,1
De Carli GA,Larré AB,1
De Carli GA,Stuepp C,1
De Carli GA,Gottardi B,1
Rosner M,Thornley-Brown D,1
Bowen JM,Vitayavirasak B,1
Alviano CS,Collopy-Junior I,1
Alviano CS,da Silva FC,1
Alviano CS,Meyer-Fernandes JR,1
Alviano CS,Rodrigues ML,1
Alviano CS,Kneipp LF,1
Abu El-Magd M,Saleh AA,1
Abu El-Magd M,Kamal T,1
Abu El-Magd M,Farrag F,1
Abu El-Magd M,Shukry M,1
Abu El-Magd M,Ali R,1
Abu El-Magd M,Almadaly E,1
Castle AG,Chibber R,1
Castle AG,Ling A,1
Hosoi M,Shioi A,1
Hosoi M,Jono S,1
Hosoi M,Nishizawa Y,1
Hosoi M,Koyama H,1
Hosoi M,Morii H,1
Houen G,Larsen LS,1
Houen G,Sylvest L,2
Houen G,Olsen CA,1
Houen G,Jørgensen FS,1
Houen G,Staerk D,1
Macarri G,Monterubbianesi R,1
Macarri G,Marucci L,1
Macarri G,Perego L,1
Ortega-González M,Zarzuelo A,1
Ortega-González M,Sánchez de Medina F,1
Ortega-González M,Suárez MD,1
Farrag F,Shukry M,1
Farrag F,Saleh AA,1
Farrag F,Kamal T,1
Deitmer JW,Doengi M,1
Deitmer JW,Lohr C,1
Chang J,Gilman SC,1
Chang J,Lewis AJ,1
Johansson K,Persson K,1
Johansson K,Poljakovic M,1
Johansson K,Larsson B,1
Müller CE,Qurishi R,1
Novikoff AB,Spater HW,1
Novikoff AB,Quintana N,1
Debray J,Marquès S,1
Debray J,Magne D,1
Debray J,Lemaire M,1
Debray J,Popowycz F,1
Debray J,Le Duy D,1
Debray J,Pellet-Rostaing S,1
Debray J,Mebarek S,1
Nakamura A,Silva-Neto MA,1
Hsu FL,Li WH,1
Hsu FL,Liu JT,1
Hsu FL,Liao VH,1
Williams CJ,Zaka R,1
Hardiman J,Shaw LM,1
Hardiman J,Mann DJ,1
Hardiman J,Pittock JW 3rd,1
Hardiman J,Pogach R,1
Flatt CL,Looareesuwan S,1
Flatt CL,Robbins SM,1
Flatt CL,Lee KM,1
Flatt CL,Liu N,1
Flatt CL,Ho M,1
Flatt CL,Hoang HL,1
Flatt CL,Montes L,1
Flatt CL,Yipp BG,1
Flatt CL,MacRae T,1
Pamula F,Wheldrake JF,1
Liu KC,Weng SJ,1
Liu KC,Ma KH,1
Liu KC,Yu MH,1
Liu KC,Wang YC,1
Liu KC,Yo YT,1
Miller JC,Shinowara NL,1
Miller JC,Rapoport SI,1
Richmond JE,Williams DC,1
Sarkis JJ,Wink MR,1
Sarkis JJ,Zerbini LF,1
Kopp SR,Raza A,1
Kopp SR,Kotze AC,1
Gilleard JS,Wilson DJ,1
Gilleard JS,Sargison ND,1
Gilleard JS,Jackson F,1
Gilleard JS,Penny CD,1
Fialho E,Silva-Neto MA,1
Fialho E,Nakamura A,1
Fialho E,Juliano L,1
Fialho E,Masuda H,1
Cheung BH,de Bono M,1
Cheung BH,Labouesse M,1
Cheung BH,Couto A,1
Paoletti P,Williams DC,1
Paoletti P,Richmond JE,1
Radisson J,Thouverey C,1
Radisson J,Zhang L,1
Couto A,de Bono M,1
Couto A,Labouesse M,1
Lacey E,Rickards RW,1
Lacey E,O'Shea MG,1
Lacey E,Power ML,1
Lacey E,Rothschild JM,1
Fonseca de Souza AL,Gomes SA,1
Fonseca de Souza AL,dos Santos AL,1
Fonseca de Souza AL,Meyer-Fernandes JR,1
Fonseca de Souza AL,Kiffer-Moreira T,1
Kimura S,Nakamura D,2
Kimura S,Nishihara Y,2
Kimura S,Urasoko Y,2
Kimura S,Wakita A,2
Kaartinen MT,Sørensen ES,1
Kaartinen MT,Nakano Y,1
Kaartinen MT,McKee MD,1
Phaneuf S,Poirier GG,1
Phaneuf S,St-Jean P,1
Azzar G,Buchet R,1
Azzar G,Thouverey C,1
Azzar G,Balcerzak M,1
Azzar G,Zhang L,1
Azzar G,Radisson J,1
Azzar G,Pikula S,1
Shimamoto T,Yamada Y,1
Shimamoto T,Yoshida T,1
Yo YT,Yu MH,1
Martínez-Augustin O,Ortega-González M,1
Martínez-Augustin O,Sánchez de Medina F,3
Martínez-Augustin O,Martínez-Moya P,2
Martínez-Augustin O,Romero-Calvo I,1
Martínez-Augustin O,Suárez MD,2
Martínez-Augustin O,Ocón B,1
Martínez-Augustin O,Zarzuelo A,3
Martínez-Augustin O,Nieto A,1
Li WH,Liu JT,2
Li WH,Liao VH,2
Li WH,Yu CW,1
Lee SH,Yoo BH,1
Lee SH,Lee YS,1
Araki M,Saito T,1
Caldeira Costa D,Nogueira-Machado JA,1
Caldeira Costa D,Coelho Horta B,1
Caldeira Costa D,Martins Chaves M,1
Caldeira Costa D,Steinberg Perilo C,1
Khodaparast-Sharifi SH,Snow LD,1
Binderman I,Mayer-Kuckuk P,1
Binderman I,Boskey AL,1
Binderman I,Roy R,1
Binderman I,Doty SB,1
Binderman I,Kudryashov V,1
Andreoletti GE,Savardi L,1
Andreoletti GE,Dore B,1
Andreoletti GE,Lodi G,1
Andreoletti GE,Donna D,1
Kotze AC,Raza A,1
Dore B,Savardi L,1
Dore B,Lodi G,1
Koutcher JA,Mayer-Kuckuk P,1
Koutcher JA,Motley MW,1
Becq F,Chang XB,1
Becq F,Fanjul M,1
Becq F,Figarella C,1
Becq F,Verrier B,1
Becq F,Hanrahan JW,1
Becq F,Merten M,1
Becq F,Riordan JR,1
Becq F,Gola M,1
Becq F,Hollande E,1
Hölzenbein T,Wagner L,1
Hölzenbein T,Waldhäusl W,1
Mathieu P,Voisine P,1
Mathieu P,Savard N,1
Mathieu P,Pépin A,1
Mathieu P,Shetty R,1
Hansen AN,Houen G,1
Hansen AN,Sylvest L,1
Hansen AN,Olsen CA,1
Hansen AN,Jørgensen FS,1
Hansen AN,Staerk D,1
Yamazaki J,Ye L,1
Oca P,Zaka R,1
Oca P,Williams CJ,1
Mitchell C,Reigada D,1
Mitchell C,Zhang X,1
Mitchell C,Nguyen J,1
Mitchell C,Stone RA,1
Mitchell C,Pendrak K,1
van Groeningen CJ,van Triest B,1
Beertsen W,Everts V,1
Beertsen W,Groeneveld MC,1
Beertsen W,van den Bos T,1
Sugitani H,Wachi H,1
Calhau C,Pinheiro H,1
Calhau C,Soares-da-Silva P,2
Calhau C,Martel F,2
Calhau C,Pinheiro-Silva S,1
Calhau C,Hipólito-Reis C,2
Hussain ST,Safer AM,1
Gilman SC,Lewis AJ,1
Anagnostou F,Plas C,1
Anagnostou F,Forest N,1
Dansette PM,Sassi A,1
Dansette PM,Plat M,1
Dansette PM,Mansuy D,1
Li F,Wang J,1
Alvaro D,Benedetti A,1
Alvaro D,Monterubbianesi R,1
Alvaro D,Delle Monache M,1
Alvaro D,Perego L,1
Alvaro D,Di Cosimo E,1
Alvaro D,Le Sage G,1
Alvaro D,Marucci L,1
Alvaro D,Glaser S,1
Alvaro D,Macarri G,1
Resek ME,Robbins SM,1
Resek ME,Yipp BG,1
O'Neal SG,Yunker S,1
Doengi M,Lohr C,1
Dion AS,Zaka R,1
Dion AS,Oca P,1
Dion AS,Freeman TA,1
Dion AS,Williams CJ,1
Boyd J,Schoen FJ,1
Boyd J,Levy RJ,1
Boyd J,Pathak YV,1
Looareesuwan S,Robbins SM,2
Looareesuwan S,Montes L,1
Looareesuwan S,Yipp BG,2
Looareesuwan S,Resek ME,1
Looareesuwan S,MacRae T,1
Benedetti A,Monterubbianesi R,1
Benedetti A,Delle Monache M,1
Benedetti A,Perego L,1
Benedetti A,Di Cosimo E,1
Benedetti A,Le Sage G,1
Benedetti A,Marucci L,1
Benedetti A,Glaser S,1
Benedetti A,Macarri G,1
Pépin A,Voisine P,1
Pépin A,Savard N,1
Pépin A,Shetty R,1
Lepire ML,Ziomek CA,1
Liao VH,Liu JT,2
Liao VH,Yu CW,1
Carlson RP,Gilman SC,1
Carlson RP,Chang J,1
Carlson RP,Lewis AJ,1
Furusawa E,Furusawa S,1
Leiby DA,Pappas PW,1
Baumgartner-Parzer SM,Freudenthaler A,1
Baumgartner-Parzer SM,Hölzenbein T,1
Baumgartner-Parzer SM,Wagner L,1
Baumgartner-Parzer SM,Waldhäusl W,1
Meissner JD,Scheibe RJ,1
Meissner JD,Mueller WH,1
Lalegerie P,Mettey Y,1
Lalegerie P,Vierfond JM,1
Lalegerie P,Lehuede J,1
Lalegerie P,Metaye T,2
Latker CH,Shinowara NL,1
Latker CH,Rapoport SI,1
Latker CH,Miller JC,1
Nguyen J,Reigada D,1
Nguyen J,Zhang X,1
Nguyen J,Pendrak K,1
Nguyen J,Stone RA,1
Gainer AL,Stinson RA,1
Pinheiro H,Soares-da-Silva P,1
Pinheiro H,Pinheiro-Silva S,1
Sakamoto Y,Yamada Y,1
Sakamoto Y,Shimamoto T,1
Sakamoto Y,Yoshida T,1
Penny CD,Wilson DJ,1
Penny CD,Sargison ND,1
Pellet-Rostaing S,Wu Y,1
Pellet-Rostaing S,Popowycz F,1
Niles JL,Thornley-Brown D,1
Niles JL,Rosner M,1
Niles JL,Pendergraft WF 3rd,1
Leyck S,Parnham MJ,1
Baylink DJ,Puzas JE,1
Baylink DJ,Farley JR,1
Abou-Salem KS,Safer AM,1
Abou-Salem KS,Hussain ST,1
Chan JR,Stinson RA,1
Wink MR,Zerbini LF,1
Goyal N,Srivastava VM,1
Le Sage G,Monterubbianesi R,1
Le Sage G,Marucci L,1
Le Sage G,Perego L,1
Le Sage G,Macarri G,1
Corbin T,Lu J,1
Corbin T,Demer LL,1
Corbin T,Tintut Y,1
Corbin T,Sage AP,1
Corbin T,Morony S,1
Fonta C,Rosay B,1
Fonta C,Nowak LG,1
Pogach R,Shaw LM,1
Dias RD,Tasca T,1
Dias RD,da Graça Fauth M,1
Dias RD,de Aguiar Matos JA,1
Dias RD,Rico EP,2
Dias RD,Fauth Mda G,1
Dias RD,Senger MR,2
Keloglu N,Ren Z,1
Keloglu N,Mebarek S,1
Keloglu N,Magne D,1
Keloglu N,Wu Y,1
Keloglu N,Meena S,1
Keloglu N,Pikula S,1
Kiffer-Moreira T,dos Santos AL,1
Kiffer-Moreira T,Meyer-Fernandes JR,1
López-Posadas R,Ortega-González M,1
López-Posadas R,Sánchez de Medina F,2
López-Posadas R,Martínez-Moya P,2
López-Posadas R,Romero-Calvo I,1
López-Posadas R,Suárez MD,2
López-Posadas R,Ocón B,1
López-Posadas R,Zarzuelo A,2
López-Posadas R,Martínez-Augustin O,2
Isaksson I,Jesorka A,1
Isaksson I,Xu S,1
Isaksson I,Weber SG,1
Isaksson I,Jeffries GD,1
Isaksson I,Orwar O,1
Isaksson I,Olofsson J,1
Howard OM,Maxwell J,1
Howard OM,Javeri I,1
Howard OM,O'Neal SG,1
Howard OM,Yunker S,1
Urasoko Y,Wakita A,2
Mebarek S,Ren Z,1
Mebarek S,Wu Y,1
Mebarek S,Meena S,1
Mebarek S,Popowycz F,1
Mebarek S,Pellet-Rostaing S,1
Mebarek S,Pikula S,1
Iioka H,Yamada Y,1
Iioka H,Shimamoto T,1
Iioka H,Yoshida T,1
Iioka H,Sakamoto Y,1
Galigniana MD,Piwien-Pilipuk G,1
Møller TH,Olsen A,1
Raja KB,Smith GP,1
Romero-Calvo I,Zarzuelo A,1
Romero-Calvo I,Sánchez de Medina F,1
Romero-Calvo I,Suárez MD,1
Bechkoff G,Ren Z,1
Bechkoff G,Do le D,1
Bechkoff G,Pikula S,1
Bechkoff G,Magne D,1
Bechkoff G,Keloglu N,1
Bechkoff G,Wu Y,1
Bechkoff G,Meena S,1
Bechkoff G,Buchet R,1
Bechkoff G,Mebarek S,1
Carty R,Fortuna R,1
Carty R,Sajdera SW,1
Fiskin AM,Moore CD,1
Fiskin AM,Rutten MJ,1
Fiskin AM,Garrison RG,2
Aoun B,Ulinski T,1
Pendergraft WF 3rd,Thornley-Brown D,1
Pendergraft WF 3rd,Rosner M,1
McKee MD,Sørensen ES,1
Sánchez de Medina F,Zarzuelo A,3
Chai J,Gainer AL,1
Chai J,Stinson RA,1
Chai J,Chan JA,1
Do le D,Magne D,1
Do le D,Keloglu N,1
Do le D,Pikula S,1
Do le D,Ren Z,1
Do le D,Wu Y,1
Do le D,Meena S,1
Do le D,Mebarek S,1
Gottardi B,Larré AB,1
Gottardi B,Stuepp C,1
Gottardi B,Tasca T,1
Rico EP,Senger MR,2
Cheng D,Verrier JD,1
Cheng D,Jackson EK,1
Cheng D,Kochanek PM,1
Cheng D,Janesko-Feldman K,1
Liu P,Wang ZW,1
Ikram F,Paiker JE,1
Ikram F,Psaras G,1
Ikram F,Penny CB,1
Plat M,Sassi A,1
Newton RC,Pratta MA,1
Nishizawa Y,Shioi A,1
Beattie BJ,Mayer-Kuckuk P,1
Beattie BJ,Gade TP,1
Beattie BJ,Boskey AL,1
Beattie BJ,Bhakta R,1
Beattie BJ,Koutcher JA,1
Beattie BJ,Motley MW,1
Brown S,Souvannavong V,1
Brown S,Lemaire C,1
Figg N,Rees L,1
Figg N,Schurgers LJ,1
Figg N,Skepper JN,1
Figg N,Shroff RC,1
Figg N,Shanahan CM,1
Figg N,McNair R,1
Kochanek PM,Verrier JD,1
Strausser HR,Warchalowski GA,1
Di Cosimo E,Monterubbianesi R,1
Di Cosimo E,Perego L,1
Di Cosimo E,Le Sage G,1
Di Cosimo E,Marucci L,1
Di Cosimo E,Glaser S,1
Di Cosimo E,Macarri G,1
Riordan JR,Verrier B,1
Galbraith W,Pratta MA,1
Galbraith W,Newton RC,1
Mueller WH,Scheibe RJ,1
Wang W,Xu J,1
Mayer-Kuckuk P,Roy R,1
Mayer-Kuckuk P,Motley MW,1
Krintratun S,Silamut K,1
Krintratun S,White NJ,1
Krintratun S,Ruangveerayut R,1
Lomashvili KA,O'Neill WC,1
Lomashvili KA,Narisawa S,1
Lomashvili KA,Millan JL,1
Olsen CA,Sylvest L,1
Olsen CA,Staerk D,1
Gielen M,Williams DC,1
Gielen M,Richmond JE,1
Gielen M,Paoletti P,1
Mulcahy B,O'Connor V,1
Jørgensen FS,Sylvest L,1
Jørgensen FS,Olsen CA,1
Jørgensen FS,Staerk D,1
Goto K,Nakamura D,3
Goto K,Nishihara Y,3
Goto K,Ichikawa Y,1
Goto K,Kimura S,2
Goto K,Wakita A,3
Goto K,Hatayama K,3
Goto K,Urasoko Y,2
Goto K,Kobayashi J,1
Chang CC,Weng SJ,1
Chang CC,Ma KH,1
Chang CC,Liao YP,1
Chang CC,Lin CK,1
Chang CC,Lai HC,1
Chang CC,Liu KC,1
Chang CC,Huang RL,1
Chang CC,Yu MH,1
Chang CC,Yo YT,1
Chang CC,Chao TK,1
Chang CC,Huang TS,1
Chang CC,Wang YC,1
Chen B,Wang ZW,1
Chen B,Liu P,1
Donato AA,Gulati S,1
Chollet R,Dong L,1
Chollet R,Ermolova NV,1
Hjelle JT,Whalen R,1
Scher BM,Scher W,2
Scher BM,Wei XJ,1
Scher BM,Waxman S,2
Metaye T,Mettey Y,1
Metaye T,Vierfond JM,1
Metaye T,Saunier B,1
Metaye T,Millet C,1
Almadaly E,Farrag F,1
Almadaly E,Shukry M,1
Almadaly E,Saleh AA,1
Almadaly E,Kamal T,1
Yamada Y,Yoshida T,1
Kaulich M,Qurishi R,1
Kaulich M,Müller CE,1
Narisawa S,O'Neill WC,1
Millan JL,O'Neill WC,1
Millan JL,Narisawa S,1
Hoylaerts MF,Le Du MH,1
Hoylaerts MF,Millán JL,1
Hoylaerts MF,Ny T,1
Hoylaerts MF,Kozlenkov A,1
Meena S,Wu Y,1
Meena S,Ren Z,1
Meena S,Pikula S,1
Kimura J,Matsuoka I,1
Kimura J,Ohkubo S,1
Klok PA,Meijer DK,1
Klok PA,Poelstra K,1
Rees L,Shroff RC,1
Rees L,Shanahan CM,1
Rees L,Schurgers LJ,1
Rees L,Skepper JN,1
Tasca T,de Aguiar Matos JA,1
Tasca T,da Graça Fauth M,1
Guerra D,Vermeer C,1
Guerra D,Trenti T,1
Guerra D,Quaglino D,1
Guerra D,Schurgers LJ,1
Guerra D,Tiozzo R,1
Nieto A,Zarzuelo A,1
Nieto A,Sánchez de Medina F,1
Mann DJ,Shaw LM,1
Mann DJ,Pogach R,1
Mann DJ,Pittock JW 3rd,1
Anderson HC,Carty R,1
Anderson HC,Fortuna R,1
Anderson HC,Sajdera SW,1
Orwar O,Xu S,1
Orwar O,Weber SG,1
Beuve A,Sun Q,1
Beuve A,Do T,1
Beuve A,Kuzhikandathil EV,1
Shetty R,Voisine P,1
Meirelles MN,Oliveira Battastini AM,1
Meirelles MN,Menezes de Oliveira E,1
Meirelles MN,Menezes Moreira C,1
Lee YS,Yoo BH,1
Kudryashov V,Mayer-Kuckuk P,1
Kudryashov V,Roy R,1
Hellinger N,Scher W,1
Hellinger N,Scher BM,1
Hellinger N,Waxman S,1
Ali AT,Paiker JE,1
Ali AT,Ikram F,1
Ali AT,Psaras G,1
Ali AT,Penny CB,1
Ali AT,Crowther NJ,1
Cook ND,Pither RJ,1
Cook ND,Davis J,1
Ali R,Farrag F,1
Ali R,Shukry M,1
Ali R,Almadaly E,1
Ali R,Saleh AA,1
Ali R,Kamal T,1
Meyer-Fernandes JR,dos Santos AL,1
Meyer-Fernandes JR,da Silva FC,1
Meyer-Fernandes JR,Paes LS,1
Meyer-Fernandes JR,Rodrigues ML,1
Meyer-Fernandes JR,Silveira TS,1
Larré AB,Stuepp C,1
Larré AB,Tasca T,1
Magne D,Marquès S,1
Magne D,Ren Z,1
Magne D,Mebarek S,2
Magne D,Wu Y,1
Magne D,Meena S,1
Magne D,Popowycz F,1
Magne D,Pellet-Rostaing S,1
Magne D,Pikula S,1
Abou-Salem K,Safer AM,1
Jordan SC,Moudgil A,1
Pathak YV,Schoen FJ,1
Janesko-Feldman K,Verrier JD,1
Janesko-Feldman K,Kochanek PM,1
Quintana N,Spater HW,1
Ishida N,Matsubara S,1
Ishida N,Suzuki M,1
Ishida N,Suzuki F,1
Pikula S,Wu Y,1
Pikula S,Thouverey C,1
Pikula S,Zhang L,1
Pikula S,Radisson J,1
Pikula S,Ren Z,1
Friis T,Hansen AB,1
Friis T,Sylvest L,1
Friis T,Larsen LS,1
Friis T,Jørgensen FS,1
Friis T,Hansen AN,1
Friis T,Staerk D,1
Friis T,Houen G,3
Friis T,Olsen CA,1
Kneipp LF,da Silva FC,1
Kneipp LF,Rodrigues ML,1
Kneipp LF,Meyer-Fernandes JR,1
Stuepp C,Tasca T,1
Javeri I,Maxwell J,1
Javeri I,O'Neal SG,1
Javeri I,Yunker S,1
Duggal CL,Sanyal SN,1
Duggal CL,Gupta S,1
Dreier L,Li F,1
Dreier L,Hall DH,1
Dreier L,Horwich AL,1
Dreier L,Furtak K,1
Dreier L,Farr GW,1
Dreier L,Wang J,1
De Nollin S,Thoné F,1
Rehni AK,Singh TG,1
Gossrau R,Grozdanovic Z,1
Agarwal A,Ghatak S,1
Agarwal A,Tekwani BL,2
Agarwal A,Shukla OP,2
Ren Z,Wu Y,1
Quaglino D,Vermeer C,1
Quaglino D,Trenti T,1
Quaglino D,Schurgers LJ,1
Quaglino D,Tiozzo R,1
Lacour B,Ulmann A,1
Bjørge L,Matre R,1
Bessereau JL,Williams DC,1
Bessereau JL,Richmond JE,1
Bessereau JL,Gielen M,1
Bessereau JL,Boulin T,1
Bessereau JL,Paoletti P,1
Cheung LY,Moore CD,1
Cheung LY,Rutten MJ,1
Cheung LY,Garrison RG,1
Cheung LY,Fiskin AM,1
Lai HC,Weng SJ,1
Lai HC,Ma KH,1
Lai HC,Liao YP,1
Lai HC,Lin CK,1
Lai HC,Liu KC,1
Lai HC,Yu MH,1
Lai HC,Yo YT,1
Lai HC,Wang YC,1
Tadokoro K,Yanagisawa T,1
Meijer DK,Poelstra K,1
Hernández-Chirlaque C,Ortega-González M,1
Hernández-Chirlaque C,Ocón B,1
Hernández-Chirlaque C,Martínez-Moya P,1
Hernández-Chirlaque C,Suárez MD,1
Hernández-Chirlaque C,López-Posadas R,1
Hernández-Chirlaque C,Zarzuelo A,1
Hernández-Chirlaque C,Sánchez de Medina F,1
Hernández-Chirlaque C,Martínez-Augustin O,1
Jabbar A,Raza A,1
Jabbar A,Kopp SR,1
Jabbar A,Kotze AC,1
Kawilarang-de Haas EW,Wassenaar AM,1
Kawilarang-de Haas EW,Nijweide PJ,1
Burvenich C,Heyneman R,1
Kraimps JL,Saunier B,1
Kraimps JL,Millet C,1
Kraimps JL,Metaye T,1
Garant PR,Yanagisawa T,1
Garant PR,Higashi S,1
Garant PR,Tadokoro K,1
Garant PR,Sasaki T,1
Borgers M,De Nollin S,1
Borgers M,Thoné F,3
Larsson B,Persson K,1
Larsson B,Poljakovic M,1
Chang XB,Riordan JR,1
Chang XB,Verrier B,1
Chang XB,Hanrahan JW,1
Stone RA,Zhang X,1
Cuniasse P,Le Du MH,1
Cuniasse P,Hoylaerts MF,1
Cuniasse P,Millán JL,1
Cuniasse P,Ny T,1
Cuniasse P,Kozlenkov A,1
Everts V,Groeneveld MC,1
Figueroa M,Fiskin AM,1
Figueroa M,Garrison RG,1
Libermann TA,Sarkis JJ,1
Libermann TA,Wink MR,1
Libermann TA,Zerbini LF,1
Libermann TA,Rücker B,1
Hardouin P,Lencel P,1
Hardouin P,Magne D,1
Peters TJ,Smith GP,2
Peters TJ,Raja KB,1
Baudry M,Lalegerie P,1
Baudry M,Lalégerie P,2
Baudry M,Métayé T,1
Baudry M,Sarrouilhe D,2
Baudry M,Rivet G,1
Baudry M,Metaye T,1
Bardsley WG,Schnieden H,1
Bardsley WG,Kavanagh JP,1
Bardsley WG,Brightwell R,1
Gálvez J,Zarzuelo A,1
Gálvez J,Sánchez de Medina F,1
Gálvez J,Nieto A,1
Gálvez J,Martínez-Augustin O,1
Arellano-Carbajal F,Briseño-Roa L,1
Arellano-Carbajal F,Labouesse M,1
Arellano-Carbajal F,Cheung BH,1
Arellano-Carbajal F,de Bono M,1
Arellano-Carbajal F,Couto A,1
Dong L,Ermolova NV,1
Engel E,Guth PH,1
Engel E,Mizumori M,1
Engel E,Kaunitz JD,1
Demer LL,Lu J,1
Demer LL,Tintut Y,1
Demer LL,Sage AP,1
Demer LL,Morony S,1
Jeffries GD,Jesorka A,1
Jeffries GD,Orwar O,1
Jeffries GD,Xu S,1
Jeffries GD,Weber SG,1
Jeffries GD,Olofsson J,1
McCulloch CA,Tenenbaum HC,1
Figarella C,Merten M,1
Figarella C,Hollande E,1
Figarella C,Gola M,1
da Graça Fauth M,de Aguiar Matos JA,1
da Graça Fauth M,de Paula Cognato G,1
Cyboron GW,Wuthier RE,1
Sargison ND,Wilson DJ,1
Guth PH,Mizumori M,1
Guth PH,Kaunitz JD,1
Horowitz B,Ye L,1
Horowitz B,Hume JR,1
Horowitz B,Yamazaki J,1
Horowitz B,Miller LJ,1
Britton F,Duan D,1
Britton F,Yamazaki J,1
Britton F,Miller LJ,1
Britton F,Ye L,1
Britton F,Hume JR,1
Britton F,Horowitz B,1
Barbieri RL,Gao X,1
Barbieri RL,Frost RA,1
Kamal T,Shukry M,1
Kamal T,Saleh AA,1
Le Du MH,Millán JL,1
Le Du MH,Ny T,1
McDougall K,Plumb C,1
Artwohl M,Freudenthaler A,1
Artwohl M,Baumgartner-Parzer SM,1
Artwohl M,Hölzenbein T,1
Artwohl M,Wagner L,1
Artwohl M,Waldhäusl W,1
Boulin T,Williams DC,1
Boulin T,Richmond JE,1
Boulin T,Gielen M,1
Boulin T,Paoletti P,1
Hsieh YC,Li WH,1
Hsieh YC,Liu JT,1
Hsieh YC,Liao VH,1
Hsieh YC,Yu CW,1
Staerk D,Sylvest L,1
Penny CB,Psaras G,1
Paes LS,Silveira TS,1
Almeida ME,Libermann TA,1
Almeida ME,Sarkis JJ,1
Almeida ME,Wink MR,1
Almeida ME,Zerbini LF,1
Almeida ME,Rücker B,1
Delle Monache M,Monterubbianesi R,1
Delle Monache M,Perego L,1
Delle Monache M,Di Cosimo E,1
Delle Monache M,Le Sage G,1
Delle Monache M,Marucci L,1
Delle Monache M,Glaser S,1
Delle Monache M,Macarri G,1
Fauth Mda G,Rico EP,1
Fauth Mda G,Senger MR,1
Pinheiro-Silva S,Soares-da-Silva P,1
Ichikawa Y,Nakamura D,1
Ichikawa Y,Nishihara Y,1
Ichikawa Y,Kobayashi J,1
Ichikawa Y,Wakita A,1
Freitas Sarkis JJ,Oliveira Battastini AM,1
Freitas Sarkis JJ,Meirelles MN,1
Freitas Sarkis JJ,Menezes de Oliveira E,1
Freitas Sarkis JJ,Menezes Moreira C,1
Martínez-Moya P,Ortega-González M,1
Martínez-Moya P,Sánchez de Medina F,2
Martínez-Moya P,Romero-Calvo I,1
Martínez-Moya P,Suárez MD,2
Martínez-Moya P,Ocón B,1
Martínez-Moya P,Zarzuelo A,2
Leake DS,Lieberman GE,1
Leake DS,Peters TJ,1
Soory M,Suchak A,2
Soory M,Tilakaratne A,2
Adam A,Souvannavong V,1
Adam A,Lemaire C,1
Adam A,Brown S,1
Lencel P,Magne D,1
Hall DH,Li F,1
Hall DH,Horwich AL,1
Hall DH,Wang J,1
Millet C,Saunier B,1
Dagenais F,Mathieu P,1
Dagenais F,Savard N,1
Dagenais F,Pépin A,1
Dagenais F,Shetty R,1
Dagenais F,Voisine P,1
Briseño-Roa L,de Bono M,1
Briseño-Roa L,Labouesse M,1
Briseño-Roa L,Cheung BH,1
Briseño-Roa L,Couto A,1
Moore CD,Rutten MJ,1
Bartley DJ,Wilson DJ,1
Bartley DJ,Sargison ND,1
Bartley DJ,Jackson F,1
Bartley DJ,Penny CD,1
Bartley DJ,Gilleard JS,1
Jalanka H,Lindberg LA,1
Herlitz LC,Thornley-Brown D,1
Herlitz LC,Rosner M,1
Herlitz LC,Niles JL,1
Herlitz LC,Pendergraft WF 3rd,1
Ciancaglini P,Leone FA,1
Ciancaglini P,Pizauro JM,1
Ciancaglini P,Rezende LA,1
Dick CF,Fonseca de Souza AL,1
Dick CF,Silveira TS,1
Dick CF,Kiffer-Moreira T,1
Dick CF,Gomes SA,1
Dick CF,dos Santos AL,1
Dick CF,Meyer-Fernandes JR,2
Dick CF,Paes LS,1
Dick CF,Gondim KC,1
Dick CF,Dos-Santos AL,1
Davis J,Pither RJ,1
Kurihara N,Tsunoi M,1
Kurihara N,Nakatani Y,1
Lehuede J,Mettey Y,1
Lehuede J,Vierfond JM,1
Lehuede J,Metaye T,1
Mansuy D,Sassi A,1
Mansuy D,Plat M,1
Le Duy D,Marquès S,1
Le Duy D,Magne D,1
Le Duy D,Lemaire M,1
Le Duy D,Popowycz F,1
Le Duy D,Pellet-Rostaing S,1
Le Duy D,Mebarek S,1
Kaunitz JD,Mizumori M,1
Shanahan CM,Shroff RC,1
Shanahan CM,Skepper JN,1
Reybroeck W,Romero T,1
Bendiksen CD,Friis T,2
Bendiksen CD,Sylvest L,2
Bendiksen CD,Larsen LS,1
Bendiksen CD,Jørgensen FS,1
Bendiksen CD,Hansen AN,1
Bendiksen CD,Engel AM,1
Bendiksen CD,Staerk D,1
Bendiksen CD,Houen G,3
Bendiksen CD,Olsen CA,1
Krautwald S,Kuehl H,1
Krautwald S,Scheibe RJ,1
Krautwald S,Meissner JD,1
Krautwald S,Mueller WH,1
Chan JA,Gainer AL,1
Chan JA,Stinson RA,1
Liao YP,Weng SJ,1
Liao YP,Ma KH,1
Liao YP,Yu MH,1
Liao YP,Lin CK,1
Liao YP,Liu KC,1
Liao YP,Yo YT,1
Liao YP,Wang YC,1
Forest N,Plas C,1
Darnell LR,Pratta MA,1
Darnell LR,Galbraith W,1
Darnell LR,Newton RC,1
Millán JL,Weissig H,1
Millán JL,Ny T,1
Kim JA,Lee YS,1
Kim JA,Lee SH,1
Kim JA,Yoo BH,1
Kim JA,Lee EH,1
Morony S,Tintut Y,1
Morony S,Sage AP,1
Akada S,Yamada Y,1
Akada S,Sakamoto Y,1
Akada S,Shimamoto T,1
Akada S,Iioka H,1
Akada S,Ichijo M,1
Akada S,Yoshida T,1
Brown DQ,Mann DJ,1
Brown DQ,Pogach R,1
Brown DQ,Hardiman J,1
Brown DQ,Shaw LM,1
Brown DQ,Pittock JW 3rd,1
Brown DQ,Gold J,1
Warner GP,Wuthier RE,1
Hipólito-Reis C,Pinheiro H,1
Hipólito-Reis C,Soares-da-Silva P,2
Hipólito-Reis C,Martel F,2
Hipólito-Reis C,Pinheiro-Silva S,1
Suzuki F,Suzuki M,1
Akisaka T,Gay CV,1
Du B,Kirsch T,1
Du B,Xu J,1
Du B,Wang W,1
Kovach JS,Schaid DJ,1
Kovach JS,Svingen PA,1
Akiba Y,Engel E,1
Akiba Y,Guth PH,1
Akiba Y,Mizumori M,1
Akiba Y,Kaunitz JD,1
Boraldi F,Vermeer C,1
Boraldi F,Trenti T,1
Boraldi F,Schurgers LJ,1
Boraldi F,Guerra D,1
Boraldi F,Tiozzo R,1
Boraldi F,Quaglino D,1
Chuasuwanchai S,Ho M,1
Chuasuwanchai S,White NJ,1
Chuasuwanchai S,Ruangveerayut R,1
Chuasuwanchai S,Dondorp AM,1
Chuasuwanchai S,Krintratun S,1
Chuasuwanchai S,Day NP,1
Chuasuwanchai S,Silamut K,1
Hiramatsu M,Ikeda E,1
Hiramatsu M,Tsunoi M,1
Hiramatsu M,Kumegawa M,1
Hiramatsu M,Nakatani Y,1
Hiramatsu M,Kurihara N,1
Fortuna R,Sajdera SW,1
Wang YC,Weng SJ,1
Wang YC,Yu MH,1
Wang YC,Yo YT,1
Jesorka A,Orwar O,1
Jesorka A,Xu S,1
Jesorka A,Weber SG,1
Jesorka A,Olofsson J,1
Fin CA,Thomé JW,1
Fin CA,da Graça Fauth M,1
Fin CA,de Paula Cognato G,1
Monterubbianesi R,Perego L,1
Jackson F,Wilson DJ,1
Jackson F,Sargison ND,1
Jackson F,Penny CD,1
Borges FP,Stuepp C,1
Borges FP,Tasca T,2
Borges FP,da Graça Fauth M,1
Borges FP,Dias RD,1
Borges FP,de Aguiar Matos JA,1
Borges FP,Larré AB,1
Borges FP,De Carli GA,2
Borges FP,Gottardi B,1
Matsubara S,Suzuki M,1
Matsubara S,Suzuki F,1
Rickards RW,Rothschild JM,1
Kamps JA,Meijer DK,1
Kamps JA,Klok PA,1
Kamps JA,Poelstra K,1
Guenthner TM,Whalen R,1
Guenthner TM,Hjelle JT,1
Sasaki T,Yanagisawa T,1
Sasaki T,Tadokoro K,1
Carvajal D,Casacó A,1
Doty SB,Mayer-Kuckuk P,1
Doty SB,Roy R,1
Doty SB,Kudryashov V,1
Kavanagh JP,Schnieden H,1
Coelho Horta B,Nogueira-Machado JA,1
Coelho Horta B,Martins Chaves M,1
Coelho Horta B,Steinberg Perilo C,1
Donabedian H,Gallin JI,1
Wang Z,Zhu P,1
Ho M,Montes L,1
Ho M,Resek ME,1
Ho M,Liu N,1
Ho M,MacRae T,1
Ho M,Looareesuwan S,2
Ho M,Robbins SM,2
Ho M,White NJ,1
Ho M,Lee KM,1
Ho M,Krintratun S,1
Ho M,Ruangveerayut R,1
Ho M,Hoang HL,1
Ho M,Silamut K,1
Ho M,Yipp BG,2
Alpini G,Benedetti A,1
Alpini G,Monterubbianesi R,1
Alpini G,Delle Monache M,1
Alpini G,Alvaro D,1
Alpini G,Perego L,1
Alpini G,Di Cosimo E,1
Alpini G,Le Sage G,1
Alpini G,Marucci L,1
Alpini G,Glaser S,1
Alpini G,Macarri G,1
Pinedo HM,van Triest B,1
Pinedo HM,van Groeningen CJ,1
Wagner L,Waldhäusl W,1
Liu J,Reigada D,1
Liu J,Nguyen J,1
Liu J,Stone RA,1
Liu J,Mitchell C,1
Liu J,Zhang X,1
Liu J,Pendrak K,1
Dutra Dias R,Fin CA,1
Dutra Dias R,Meirelles MN,1
Dutra Dias R,da Graça Fauth M,1
Dutra Dias R,de Paula Cognato G,1
Dutra Dias R,Menezes Moreira C,1
Dutra Dias R,Oliveira Battastini AM,1
Dutra Dias R,Menezes de Oliveira E,1
Dutra Dias R,Thomé JW,1
Dutra Dias R,Freitas Sarkis JJ,1
Ballester I,Sánchez de Medina F,2
Ballester I,Martínez-Moya P,1
Ballester I,Romero-Calvo I,1
Ballester I,Suárez MD,1
Ballester I,López-Posadas R,1
Ballester I,Zarzuelo A,2
Ballester I,Nieto A,1
Ballester I,Gálvez J,1
Ballester I,González R,2
Ballester I,Martínez-Augustin O,2
Sage AP,Tintut Y,1
Métayé T,Sarrouilhe D,1
Métayé T,Rivet G,1
Alves-Bezerra M,Dos-Santos AL,1
Alves-Bezerra M,Silveira TS,1
Alves-Bezerra M,Dick CF,1
Alves-Bezerra M,Gondim KC,1
Alves-Bezerra M,Paes LS,1
Alves-Bezerra M,Meyer-Fernandes JR,1
Liang H,Zhu P,1
Liang H,Wang Z,1
Freeman TA,Zaka R,1
Freeman TA,Oca P,1
Freeman TA,Williams CJ,1
Larsen SA,Møller TH,1
Larsen SA,Olsen A,1
Ghatak S,Tekwani BL,1
Ghatak S,Shukla OP,1
Waxman S,Wei XJ,1
Khan NA,Matin A,1
Nishihara Y,Urasoko Y,2
Nishihara Y,Wakita A,3
Ghila L,Gomez M,1
McCall CE,Shirley PS,1
Garba MT,Marie PJ,1
Juliano L,Silva-Neto MA,1
Juliano L,Nakamura A,1
Juliano L,Masuda H,1
Lu J,Tintut Y,1
Lu J,Sage AP,1
Lu J,Morony S,1
Marquès S,Popowycz F,1
Marquès S,Pellet-Rostaing S,1
Marquès S,Mebarek S,1
Charunwatthana P,Ho M,1
Charunwatthana P,White NJ,1
Charunwatthana P,Ruangveerayut R,1
Charunwatthana P,Dondorp AM,1
Charunwatthana P,Krintratun S,1
Charunwatthana P,Chuasuwanchai S,1
Charunwatthana P,Silamut K,1
Charunwatthana P,Day NP,1
Ahamada S,Ren Z,1
Ahamada S,Wu Y,1
Ahamada S,Do le D,1
Ahamada S,Pikula S,1
Ahamada S,Bechkoff G,1
Ahamada S,Meena S,1
Ahamada S,Magne D,1
Ahamada S,Keloglu N,1
Ahamada S,Buchet R,1
Ahamada S,Mebarek S,1
Rücker B,Wink MR,1
Rücker B,Zerbini LF,1
Rücker B,Sarkis JJ,1
Fujii T,Shimizu T,1
Fujii T,Minagawa T,1
Fujii T,Sakai H,1
Fujii T,Takeguchi N,1
Kumegawa M,Tsunoi M,1
Kumegawa M,Nakatani Y,1
Kumegawa M,Kurihara N,1
González R,Sánchez de Medina F,3
González R,Nieto A,1
González R,López-Posadas R,2
González R,Zarzuelo A,3
González R,Hernández-Chirlaque C,1
González R,Martínez-Augustin O,3
González R,Ortega-González M,1
González R,Ocón B,1
González R,Martínez-Moya P,2
González R,Romero-Calvo I,1
González R,Suárez MD,2
González R,Gálvez J,1
Lemaire M,Marquès S,1
Lemaire M,Wu Y,1
Lemaire M,Liger F,1
Lemaire M,Magne D,1
Lemaire M,Li L,1
Lemaire M,Popowycz F,1
Lemaire M,Pellet-Rostaing S,2
Lemaire M,Mebarek S,1
Gold J,Shaw LM,1
Gold J,Mann DJ,1
Gold J,Pittock JW 3rd,1
Gold J,Hardiman J,1
Gold J,Pogach R,1
Beltrán MC,Molina MP,1
Beltrán MC,Romero T,1
Beltrán MC,Reybroeck W,1
Leone FA,Pizauro JM,1
Leone FA,Rezende LA,1
Shukla OP,Tekwani BL,2
Delaney JD,Kim HJ,1
Delaney JD,Kirsch T,1
Bakker WW,Meijer DK,1
Bakker WW,Klok PA,1
Bakker WW,Poelstra K,1
Bakker WW,Hardonk MJ,1
Bakker WW,Kamps JA,1
Holden-Dye L,Trim N,1
Holden-Dye L,O'Connor V,1
Holden-Dye L,Walker RJ,1
Holden-Dye L,Mulcahy B,1
Jensen LT,Møller TH,1
Jensen LT,Larsen SA,1
Jensen LT,Olsen A,1
Gade TP,Mayer-Kuckuk P,1
Gade TP,Koutcher JA,1
Gade TP,Motley MW,1
Lin CK,Weng SJ,1
Lin CK,Ma KH,1
Lin CK,Yu MH,1
Lin CK,Liu KC,1
Lin CK,Yo YT,1
Lin CK,Wang YC,1
Azari F,Sørensen ES,1
Azari F,McKee MD,1
Azari F,Kaartinen MT,1
Bhakta R,Mayer-Kuckuk P,1
Bhakta R,Boskey AL,1
Bhakta R,Koutcher JA,1
Bhakta R,Gade TP,1
Bhakta R,Motley MW,1
Jakobsen H,Jensen LT,1
Jakobsen H,Olsen A,1
Jakobsen H,Larsen SA,1
Jakobsen H,Møller TH,1
Farley JR,Puzas JE,1
Ackerman NR,Galbraith W,1
Ackerman NR,Pratta MA,1
Ackerman NR,Darnell LR,1
Ackerman NR,Arner EC,1
Ackerman NR,Newton RC,1
Scher W,Wei XJ,1
Scher W,Waxman S,2
Persson K,Poljakovic M,1
Laties AM,Liu J,1
Laties AM,Reigada D,1
Laties AM,Nguyen J,1
Laties AM,Stone RA,1
Laties AM,Mitchell C,1
Laties AM,Zhang X,1
Laties AM,Pendrak K,1
Trim N,Walker RJ,1
Teitelbaum SL,Whyte MP,1
Glaser S,Monterubbianesi R,1
Glaser S,Marucci L,1
Glaser S,Le Sage G,1
Glaser S,Perego L,1
Glaser S,Macarri G,1
Schaid DJ,Svingen PA,1
Nakamura D,Nishihara Y,3
Nakamura D,Urasoko Y,2
Nakamura D,Wakita A,3
Audus KL,Rytting E,1
Labouesse M,de Bono M,1
Kang YS,Lee YS,1
Kang YS,Lee SH,1
Kang YS,Yoo BH,1
Kang YS,Kim JA,1
Kang YS,Lee EH,1
Risco F,Traba ML,1
Fuksina I,Hellinger N,1
Fuksina I,Scher BM,1
Fuksina I,Waxman S,1
Fuksina I,Scher W,1
Furtak K,Li F,1
Furtak K,Hall DH,1
Furtak K,Horwich AL,1
Furtak K,Wang J,1
Ichijo M,Yamada Y,1
Ichijo M,Shimamoto T,1
Ichijo M,Iioka H,1
Ichijo M,Yoshida T,1
Ichijo M,Sakamoto Y,1
Fanjul M,Merten M,1
Fanjul M,Figarella C,1
Fanjul M,Gola M,1
Fanjul M,Hollande E,1
Buchet R,Ren Z,1
Buchet R,Thouverey C,1
Buchet R,Do le D,1
Buchet R,Lemaire M,2
Buchet R,Wu Y,3
Buchet R,Zhang L,1
Buchet R,Le Duy D,1
Buchet R,Pellet-Rostaing S,2
Buchet R,Pikula S,2
Buchet R,Debray J,1
Buchet R,Marquès S,1
Buchet R,Li L,2
Buchet R,Liger F,1
Buchet R,Magne D,2
Buchet R,Mebarek S,2
Buchet R,Meena S,1
Buchet R,Keloglu N,1
Buchet R,Chang L,2
Buchet R,Radisson J,1
Buchet R,Popowycz F,1
Hoang HL,Looareesuwan S,1
Hoang HL,Robbins SM,1
Hoang HL,Lee KM,1
Hoang HL,Liu N,1
Hoang HL,Montes L,1
Hoang HL,Yipp BG,1
Hoang HL,MacRae T,1
Kobayashi J,Nakamura D,1
Kobayashi J,Nishihara Y,1
Kobayashi J,Wakita A,1
Arner EC,Galbraith W,1
Arner EC,Pratta MA,1
Arner EC,Darnell LR,1
Arner EC,Newton RC,1
Poirier GG,St-Jean P,1
Ma KH,Weng SJ,1
Ma KH,Yu MH,1
Ma KH,Wang YC,1
Ma KH,Yo YT,1
Fukayama S,Tashjian AH Jr,1
Register TC,Wuthier RE,1
Register TC,Warner GP,1
Bogo MR,Da Silva RS,1
Bogo MR,Tasca T,1
Bogo MR,da Graça Fauth M,2
Bogo MR,Dias RD,3
Bogo MR,Fin CA,1
Bogo MR,de Aguiar Matos JA,1
Bogo MR,Bonan CD,4
Bogo MR,Rico EP,2
Bogo MR,Fauth Mda G,1
Bogo MR,De Carli GA,1
Bogo MR,Senger MR,2
Bogo MR,Thomé JW,1
Bogo MR,Borges FP,1
Bogo MR,de Paula Cognato G,1
Bogo MR,Dutra Dias R,1
Gumińska M,Kedryna T,1
Gumińska M,Marchut E,1
Bonan CD,Da Silva RS,1
Bonan CD,Tasca T,2
Bonan CD,da Graça Fauth M,2
Bonan CD,Dias RD,3
Bonan CD,Fin CA,1
Bonan CD,de Aguiar Matos JA,1
Bonan CD,Larré AB,1
Bonan CD,Rico EP,2
Bonan CD,Fauth Mda G,1
Bonan CD,De Carli GA,2
Bonan CD,Senger MR,2
Bonan CD,Stuepp C,1
Bonan CD,Thomé JW,1
Bonan CD,Borges FP,2
Bonan CD,de Paula Cognato G,1
Bonan CD,Dutra Dias R,1
Bonan CD,Gottardi B,1
Power ML,Rickards RW,1
Power ML,Rothschild JM,1
Trenti T,Vermeer C,1
Goldstein DJ,Rogers C,1
Goldstein DJ,Harris H,1
Maxwell J,Yunker S,1
Maxwell J,O'Neal SG,1
Weber SG,Xu S,1
Wani MK,Woodson GE,1
Shroff RC,Skepper JN,1
Seyama Y,Sugitani H,1
Seyama Y,Wachi H,1
Koyama H,Shioi A,1
Koyama H,Nishizawa Y,1
Koyama H,Morii H,1
Kozlenkov A,Le Du MH,1
Kozlenkov A,Millán JL,1
Kozlenkov A,Ny T,1
Nijweide PJ,Wassenaar AM,1
Molina MP,Romero T,1
Molina MP,Reybroeck W,1
Levy RJ,Schoen FJ,1
Levy RJ,Pathak YV,1
Morii H,Shioi A,1
Morii H,Nishizawa Y,1
Weng SJ,Yu MH,1
Weng SJ,Yo YT,1
Minagawa T,Shimizu T,1
Minagawa T,Sakai H,1
Minagawa T,Takeguchi N,1
O'Shea MG,Rickards RW,1
O'Shea MG,Power ML,1
O'Shea MG,Rothschild JM,1
Baruch DI,Looareesuwan S,1
Baruch DI,Robbins SM,1
Baruch DI,Yipp BG,1
Baruch DI,Resek ME,1
Baruch DI,Ho M,1
Hatayama K,Nakamura D,3
Hatayama K,Nishihara Y,3
Hatayama K,Ichikawa Y,1
Hatayama K,Kimura S,2
Hatayama K,Wakita A,3
Hatayama K,Urasoko Y,2
Hatayama K,Kobayashi J,1
Lieberman GE,Peters TJ,1
Li L,Wu Y,2
Li L,Liger F,1
Li L,Pellet-Rostaing S,1
Savard N,Voisine P,1
Savard N,Shetty R,1
Day NP,Ho M,1
Day NP,White NJ,1
Day NP,Ruangveerayut R,1
Day NP,Dondorp AM,1
Day NP,Krintratun S,1
Day NP,Silamut K,1
Matsuoka I,Ohkubo S,1
Liger F,Wu Y,1
Liger F,Pellet-Rostaing S,1
Aune TM,Schnaper HW,1
Aune TM,Pierce CW,1
Rodrigues ML,da Silva FC,1
Dondorp AM,Krintratun S,1
Dondorp AM,Silamut K,1
Dondorp AM,White NJ,1
Dondorp AM,Ruangveerayut R,1
Dondorp AM,Ho M,1
Czégé D,Rosay B,1
Czégé D,Nowak LG,1
Czégé D,Fonta C,1
Fallon MD,Teitelbaum SL,1
Fallon MD,Whyte MP,1
Duan D,Ye L,1
Duan D,Hume JR,1
Duan D,Horowitz B,1
Duan D,Yamazaki J,1
Duan D,Miller LJ,1
Donna D,Savardi L,1
Donna D,Dore B,1
Donna D,Lodi G,1
Schurgers LJ,Vermeer C,1
Schurgers LJ,Trenti T,1
Schurgers LJ,Tiozzo R,1
Schurgers LJ,Skepper JN,1
Schurgers LJ,Shroff RC,1
Schurgers LJ,Shanahan CM,1
Lee KM,Looareesuwan S,1
Lee KM,Robbins SM,1
Lee KM,Liu N,1
Lee KM,Montes L,1
Lee KM,Yipp BG,1
Lee KM,MacRae T,1
Begon F,Kraimps JL,1
Begon F,Saunier B,1
Begon F,Millet C,1
Begon F,Metaye T,1
Hardonk MJ,Meijer DK,1
Hardonk MJ,Klok PA,1
Hardonk MJ,Poelstra K,1
Hardonk MJ,Kamps JA,1
Marucci L,Monterubbianesi R,1
Marucci L,Perego L,1
Pawson T,Steven RM,1
Ishiura S,Suo S,1
Kahan L,Tumosa N,1
Gupta S,Sanyal SN,1
Gomes SA,dos Santos AL,1
Gomes SA,Meyer-Fernandes JR,1
Gomes SA,Kiffer-Moreira T,1
Reigada D,Stone RA,1
Reigada D,Zhang X,1
Van Belle H,Wieme RJ,1
Dos-Santos AL,Gondim KC,1
Dos-Santos AL,Paes LS,1
Dos-Santos AL,Meyer-Fernandes JR,1
Dos-Santos AL,Silveira TS,1
Hanrahan JW,Riordan JR,1
Hanrahan JW,Verrier B,1
Saleh AA,Shukry M,1
Goetinck PF,Weissig H,1
Goetinck PF,Millán JL,1
Balcerzak M,Thouverey C,1
Balcerzak M,Zhang L,1
Balcerzak M,Radisson J,1
Balcerzak M,Pikula S,1
Balcerzak M,Buchet R,1
Pizauro JM,Rezende LA,1
Crespo A,Liu J,1
Crespo A,Reigada D,1
Crespo A,Nguyen J,1
Crespo A,Stone RA,1
Crespo A,Mitchell C,1
Crespo A,Laties AM,1
Crespo A,Zhang X,1
Crespo A,Pendrak K,1
Hume JR,Ye L,1
Hume JR,Yamazaki J,1
Hume JR,Miller LJ,1
Garrison RG,Moore CD,1
Garrison RG,Rutten MJ,1
Pendrak K,Reigada D,1
Pendrak K,Zhang X,1
Pendrak K,Stone RA,1
Garg P,O'Neill WC,1
Garg P,Lomashvili KA,1
Garg P,Narisawa S,1
Garg P,Millan JL,1
Liu N,Looareesuwan S,1
Liu N,Robbins SM,1
Liu N,Montes L,1
Liu N,Yipp BG,1
Liu N,MacRae T,1
Rivet G,Sarrouilhe D,1
Ruangveerayut R,Silamut K,1
Ruangveerayut R,White NJ,1
Tushevsky VF,Zinchuk VS,1
King WA,McDougall K,1
King WA,Plumb C,1
Montes L,Robbins SM,1
Montes L,Yipp BG,1
DeChatelet LR,McCall CE,1
DeChatelet LR,Shirley PS,1
Harris H,Rogers C,1
Kuzhikandathil EV,Sun Q,1
